ime,pozicija,ekipa,st_tekem,minute_na_tekmo,tocke,fgm-fga,fg%,3pm-3pa,3p%,ftm-fta,ft%
James Harden,PG,HOU,72,35.4,30.4,9.0-20.1,.449,3.7-10.0,.367,8.7-10.1,.858
Anthony Davis,PF,NO,75,36.4,28.1,10.4-19.5,.534,0.7-2.2,.340,6.6-8.0,.828
LeBron James,SF,CLE,82,36.9,27.5,10.5-19.3,.542,1.8-5.0,.367,4.7-6.5,.731
Damian Lillard,PG,POR,73,36.6,26.9,8.5-19.4,.439,3.1-8.6,.361,6.8-7.4,.916
Giannis Antetokounmpo,PF,MIL,75,36.7,26.9,9.9-18.7,.529,0.6-1.9,.307,6.5-8.5,.760
Kevin Durant,SF,GS,68,34.2,26.4,9.3-18.0,.516,2.5-6.1,.419,5.3-5.9,.889
Russell Westbrook,PG,OKC,80,36.4,25.4,9.5-21.1,.449,1.2-4.1,.298,5.2-7.1,.737
Kyrie Irving,PG,BOS,60,32.2,24.4,8.9-18.1,.491,2.8-6.8,.408,3.9-4.4,.889
LaMarcus Aldridge,PF,SA,75,33.5,23.1,9.2-18.0,.510,0.4-1.2,.293,4.5-5.3,.837
Victor Oladipo,SG,IND,75,34.0,23.1,8.5-17.9,.477,2.1-5.8,.371,3.9-4.9,.799
DeMar DeRozan,SG,TOR,80,33.9,23.0,8.1-17.7,.456,1.1-3.6,.310,5.8-7.0,.825
Joel Embiid,C,PHI,63,30.3,22.9,8.1-16.8,.483,1.0-3.4,.308,5.7-7.4,.769
Bradley Beal,SG,WSH,82,36.3,22.6,8.3-18.1,.460,2.4-6.5,.375,3.6-4.5,.791
Lou Williams,SG,LAC,79,32.8,22.6,7.4-16.9,.435,2.4-6.6,.359,5.5-6.2,.880
Jimmy Butler,SG,MIN,59,36.7,22.2,7.4-15.6,.474,1.2-3.4,.350,6.2-7.2,.854
Kemba Walker,PG,CHA,80,34.2,22.1,7.4-17.0,.431,2.9-7.5,.384,4.5-5.3,.864
Paul George,SF,OKC,79,36.6,21.9,7.3-17.0,.430,3.1-7.7,.401,4.3-5.2,.822
Blake Griffin,PF,DET/LAC,58,34.0,21.4,7.5-17.2,.438,1.9-5.6,.345,4.5-5.7,.785
CJ McCollum,SG,POR,81,36.1,21.4,8.2-18.6,.443,2.3-5.9,.397,2.6-3.1,.836
Karl-Anthony Towns,C,MIN,82,35.6,21.3,7.8-14.3,.545,1.5-3.5,.421,4.2-4.9,.858
Donovan Mitchell,SG,UTAH,79,33.4,20.5,7.5-17.2,.437,2.4-7.0,.340,3.0-3.8,.805
Khris Middleton,SF,MIL,82,36.4,20.1,7.2-15.5,.466,1.8-5.0,.359,3.9-4.4,.884
Klay Thompson,SG,GS,73,34.3,20.0,7.9-16.1,.488,3.1-7.1,.440,1.1-1.3,.837
TJ Warren,SF,PHX,65,33.0,19.6,8.1-16.4,.498,0.3-1.4,.222,3.0-3.9,.757
Dennis Schroder,PG,ATL,67,31.0,19.4,7.5-17.1,.436,1.1-3.9,.290,3.4-4.0,.849
Jrue Holiday,PG,NO,81,36.1,19.0,7.6-15.4,.494,1.5-4.4,.337,2.3-2.9,.786
Harrison Barnes,SF,DAL,77,34.2,18.9,7.0-15.7,.445,1.5-4.3,.357,3.4-4.1,.827
Chris Paul,PG,HOU,58,31.8,18.6,6.3-13.8,.460,2.5-6.5,.380,3.5-3.8,.919
Tobias Harris,SF,DET/LAC,80,33.4,18.6,7.0-15.3,.460,2.3-5.6,.411,2.2-2.7,.829
Nikola Jokic,C,DEN,75,32.5,18.5,6.7-13.5,.499,1.5-3.7,.396,3.5-4.2,.850
Eric Gordon,SG,HOU,69,31.2,18.0,6.0-14.1,.428,3.2-8.8,.359,2.8-3.5,.809
Eric Bledsoe,PG,MIL/PHX,74,31.4,17.7,6.3-13.4,.473,1.7-4.9,.347,3.4-4.3,.795
Andrew Wiggins,SF,MIN,82,36.3,17.7,6.9-15.9,.438,1.4-4.1,.331,2.5-3.8,.643
Aaron Gordon,PF,ORL,58,32.9,17.6,6.5-14.9,.434,2.0-5.9,.336,2.7-3.9,.698
Kevin Love,PF,CLE,59,28.0,17.6,5.7-12.4,.458,2.3-5.6,.415,4.0-4.5,.880
Gary Harris,SG,DEN,67,34.4,17.5,6.6-13.6,.485,2.3-5.9,.396,2.0-2.4,.827
Goran Dragic,PG,MIA,75,31.7,17.3,6.5-14.3,.450,1.5-4.0,.370,2.9-3.6,.801
Marc Gasol,C,MEM,73,33.0,17.2,5.9-14.2,.420,1.5-4.4,.341,3.8-4.6,.834
JJ Redick,SG,PHI,70,30.2,17.1,5.8-12.6,.460,2.8-6.6,.420,2.8-3.1,.904
Jamal Murray,PG,DEN,81,31.7,16.7,5.9-13.1,.451,2.0-5.4,.378,2.8-3.1,.905
Dwight Howard,C,CHA,81,30.4,16.6,6.2-11.2,.555,0.0-0.1,.143,4.1-7.2,.574
Kyle Lowry,PG,TOR,78,32.2,16.2,5.2-12.1,.427,3.1-7.6,.399,2.9-3.3,.854
Carmelo Anthony,PF,OKC,78,32.1,16.2,6.1-15.0,.404,2.2-6.1,.357,1.9-2.5,.767
Julius Randle,PF,LAL,82,26.7,16.1,6.1-11.0,.558,0.1-0.5,.222,3.7-5.2,.718
Kyle Kuzma,PF,LAL,77,31.2,16.1,6.1-13.5,.450,2.1-5.6,.366,1.9-2.7,.707
Brandon Ingram,SF,LAL,59,33.5,16.1,6.1-12.9,.470,0.7-1.8,.390,3.3-4.8,.681
Ben Simmons,PG,PHI,81,33.7,15.8,6.7-12.3,.545,0.0-0.1,.000,2.4-4.2,.560
Will Barton,SG,DEN,81,33.1,15.7,5.7-12.7,.452,1.9-5.2,.370,2.2-2.8,.805
Lauri Markkanen,PF,CHI,68,29.7,15.2,5.5-12.7,.434,2.1-5.9,.362,2.1-2.4,.843
Dennis Smith Jr.,PG,DAL,69,29.7,15.2,5.9-14.8,.395,1.5-4.9,.313,1.9-2.8,.694
Austin Rivers,PG,LAC,61,33.7,15.1,5.6-13.2,.424,2.2-5.9,.378,1.7-2.6,.642
Andre Drummond,C,DET,78,33.7,15.0,6.0-11.3,.529,0.0-0.1,.000,3.1-5.1,.605
Otto Porter Jr.,SF,WSH,77,31.6,14.7,5.8-11.5,.503,1.8-4.1,.441,1.4-1.7,.828
Rodney Hood,SG,CLE/UTAH,60,26.9,14.7,5.4-12.5,.429,2.1-5.6,.381,1.9-2.2,.860
Dario Saric,PF,PHI,78,29.6,14.6,5.2-11.4,.453,2.0-5.1,.393,2.3-2.7,.860
Jaylen Brown,SG,BOS,70,30.7,14.5,5.3-11.5,.465,1.7-4.4,.395,2.1-3.3,.644
Zach Randolph,PF,SAC,59,25.6,14.5,6.1-12.9,.473,0.9-2.5,.347,1.4-1.8,.785
Jusuf Nurkic,C,POR,79,26.4,14.3,6.1-12.0,.505,0.0-0.1,.000,2.2-3.5,.630
Bojan Bogdanovic,SF,IND,80,30.8,14.3,5.1-10.7,.474,1.9-4.8,.402,2.2-2.6,.868
Jeff Teague,PG,MIN,70,33.0,14.2,5.1-11.3,.446,1.2-3.3,.368,2.9-3.4,.845
Taurean Prince,SF,ATL,82,30.0,14.1,5.1-11.9,.426,2.1-5.6,.385,1.9-2.2,.844
Enes Kanter,C,NY,71,25.8,14.1,5.9-10.0,.592,0.0-0.0,.000,2.2-2.6,.848
Jonathon Simmons,SF,ORL,69,29.4,13.9,5.1-11.0,.465,1.0-3.0,.338,2.7-3.5,.768
Rondae Hollis-Jefferson,SF,BKN,68,28.3,13.9,5.0-10.6,.472,0.2-0.8,.241,3.7-4.6,.788
Jayson Tatum,SF,BOS,80,30.5,13.9,5.0-10.4,.475,1.3-3.0,.434,2.7-3.2,.826
Steven Adams,C,OKC,76,32.7,13.9,5.9-9.4,.629,0.0-0.0,.000,2.1-3.8,.559
Jordan Clarkson,PG,CLE/LAL,81,23.3,13.9,5.3-11.8,.451,1.4-3.9,.352,1.9-2.3,.800
Clint Capela,C,HOU,74,27.5,13.9,6.0-9.1,.652,0.0-0.0,.000,1.9-3.5,.560
Buddy Hield,SG,SAC,80,25.3,13.5,5.2-11.7,.446,2.2-5.1,.431,0.9-1.0,.877
DeMarre Carroll,SF,BKN,73,29.9,13.5,4.5-10.8,.414,2.0-5.4,.371,2.6-3.4,.764
Kentavious Caldwell-Pope,SG,LAL,74,33.2,13.4,4.6-10.8,.426,2.1-5.6,.383,2.1-2.6,.789
Bobby Portis,PF,CHI,73,22.5,13.2,5.2-11.1,.471,1.1-3.1,.359,1.6-2.1,.769
Allen Crabbe,SG,BKN,75,29.3,13.2,4.5-11.0,.408,2.7-7.1,.378,1.5-1.8,.852
Michael Beasley,SF,NY,74,22.3,13.2,5.5-10.9,.507,0.5-1.2,.395,1.7-2.1,.780
Josh Jackson,SF,PHX,77,25.4,13.1,5.1-12.1,.417,0.7-2.8,.263,2.3-3.6,.634
Ricky Rubio,PG,UTAH,77,29.3,13.1,4.5-10.7,.418,1.2-3.5,.352,2.9-3.3,.866
Brook Lopez,C,LAL,74,23.4,13.0,5.0-10.7,.465,1.5-4.4,.345,1.5-2.1,.703
Jeremy Lamb,SG,CHA,80,24.6,12.9,4.8-10.4,.457,1.2-3.2,.370,2.2-2.6,.861
Josh Richardson,SG,MIA,81,33.2,12.9,4.9-10.9,.451,1.6-4.1,.378,1.5-1.8,.845
Al Horford,C,BOS,72,31.6,12.9,5.1-10.5,.489,1.3-3.1,.429,1.3-1.7,.783
Kent Bazemore,SG,ATL,65,27.5,12.9,4.4-10.4,.420,1.7-4.2,.394,2.5-3.1,.796
Willie Cauley-Stein,C,SAC,73,28.0,12.8,5.3-10.6,.502,0.0-0.2,.250,2.1-3.4,.619
Myles Turner,C,IND,65,28.2,12.7,4.7-9.8,.479,0.9-2.4,.357,2.5-3.2,.777
Wesley Matthews,SG,DAL,63,33.8,12.7,4.5-11.1,.406,2.4-6.4,.381,1.3-1.6,.822
Jonas Valanciunas,C,TOR,77,22.4,12.7,5.1-8.9,.568,0.4-1.0,.405,2.2-2.7,.806
Elfrid Payton,PG,ORL/PHX,63,28.7,12.7,5.2-10.6,.493,0.5-1.5,.326,1.7-2.7,.649
Serge Ibaka,PF,TOR,76,27.5,12.6,5.0-10.3,.483,1.4-3.9,.360,1.2-1.6,.797
Robert Covington,SF,PHI,80,31.6,12.6,4.3-10.5,.413,2.5-6.9,.369,1.5-1.7,.853
Spencer Dinwiddie,PG,BKN,80,28.8,12.6,4.1-10.5,.387,1.8-5.4,.326,2.7-3.4,.813
E'Twaun Moore,G,NO,82,31.5,12.5,5.2-10.1,.508,1.6-3.7,.425,0.6-0.8,.706
Darren Collison,PG,IND,69,29.2,12.4,4.6-9.2,.495,1.4-3.0,.468,1.8-2.1,.882
Derrick Favors,PF,UTAH,77,28.0,12.3,5.1-9.1,.563,0.2-0.8,.222,1.8-2.8,.651
Taj Gibson,PF,MIN,82,33.3,12.2,5.2-9.0,.577,0.1-0.4,.200,1.7-2.3,.768
Justin Holiday,SF,CHI,72,31.5,12.2,4.0-10.9,.371,2.2-6.2,.359,1.9-2.3,.823
Marco Belinelli,G,ATL/PHI,80,24.3,12.1,4.2-9.6,.441,1.9-4.9,.377,1.9-2.0,.908
Caris LeVert,SG,BKN,71,26.3,12.1,4.5-10.4,.435,1.2-3.5,.347,1.9-2.6,.711
Dirk Nowitzki,PF,DAL,77,24.7,12.0,4.5-9.8,.456,1.8-4.4,.409,1.3-1.4,.898
DeAndre Jordan,C,LAC,77,31.5,12.0,4.8-7.5,.645,0.0-0.0,.000,2.4-4.1,.580
Courtney Lee,SG,NY,76,30.4,12.0,4.5-9.9,.454,1.5-3.7,.406,1.5-1.6,.919
Robin Lopez,C,CHI,64,26.4,11.8,5.3-10.1,.530,0.1-0.2,.286,1.1-1.4,.756
Thaddeus Young,PF,IND,81,32.2,11.8,5.2-10.7,.487,0.7-2.2,.320,0.7-1.1,.598
Kelly Oubre Jr.,SF,WSH,81,27.5,11.8,3.9-9.8,.403,1.6-4.6,.341,2.4-2.9,.820
Bogdan Bogdanovic,SG,SAC,78,27.9,11.8,4.4-9.9,.446,1.7-4.2,.392,1.3-1.5,.840
Tyler Johnson,SG,MIA,72,28.5,11.7,4.3-9.9,.435,1.7-4.5,.367,1.5-1.8,.822
Trevor Ariza,SF,HOU,67,33.9,11.7,4.0-9.7,.412,2.5-6.9,.368,1.1-1.3,.854
Domantas Sabonis,PF,IND,74,24.5,11.6,4.6-8.9,.514,0.2-0.5,.351,2.3-3.0,.750
J.J. Barea,PG,DAL,69,23.2,11.6,4.4-10.0,.439,1.7-4.5,.367,1.2-1.5,.784
Nicolas Batum,SF,CHA,64,31.0,11.6,4.2-10.2,.415,1.4-4.3,.336,1.7-2.0,.831
De'Aaron Fox,PG,SAC,73,27.8,11.6,4.5-10.9,.412,0.6-2.1,.307,1.9-2.7,.723
Markieff Morris,PF,WSH,73,27.0,11.5,4.5-9.4,.480,1.0-2.8,.367,1.4-1.8,.820
Kelly Olynyk,PF,MIA,76,23.4,11.5,4.2-8.4,.497,1.4-3.7,.379,1.8-2.3,.770
Joe Ingles,SF,UTAH,82,31.5,11.5,4.1-8.8,.467,2.5-5.7,.440,0.8-1.0,.795
Dwyane Wade,SG,CLE/MIA,67,22.9,11.4,4.5-10.2,.438,0.5-1.7,.288,2.0-2.8,.714
Reggie Bullock,SG,DET,62,27.9,11.3,4.3-8.8,.489,2.0-4.5,.445,0.6-0.8,.796
Terry Rozier,PG,BOS,80,25.9,11.3,4.0-10.0,.395,1.9-5.0,.381,1.4-1.9,.772
Wayne Ellington,SG,MIA,77,26.5,11.2,3.7-9.1,.407,2.9-7.5,.392,0.9-1.0,.859
Frank Kaminsky,PF,CHA,79,23.2,11.1,3.9-9.1,.429,1.3-3.5,.380,2.0-2.5,.799
Draymond Green,PF,GS,70,32.7,11.0,4.0-8.8,.454,1.1-3.7,.301,1.9-2.5,.775
Montrezl Harrell,PF,LAC,76,17.0,11.0,4.6-7.2,.635,0.0-0.1,.143,1.8-2.9,.626
Dillon Brooks,SG,MEM,82,28.7,11.0,4.1-9.4,.440,1.1-3.2,.356,1.5-2.0,.747
Ish Smith,PG,DET,82,24.9,10.9,4.7-9.8,.486,0.4-1.2,.347,1.0-1.4,.698
Ersan Ilyasova,PF,ATL/PHI,69,25.1,10.9,4.0-8.9,.452,1.3-3.7,.360,1.5-2.0,.778
Jeff Green,SF,CLE,78,23.4,10.8,3.8-7.9,.477,0.7-2.2,.312,2.6-3.0,.868
Joe Harris,SF,BKN,78,25.3,10.8,3.9-8.0,.491,1.9-4.6,.419,1.1-1.3,.827
James Johnson,PF,MIA,73,26.6,10.8,4.2-8.4,.503,0.8-2.5,.308,1.5-2.2,.698
John Collins,PF,ATL,74,24.1,10.5,4.2-7.4,.576,0.2-0.6,.340,1.8-2.5,.715
Jamal Crawford,SG,MIN,80,20.7,10.3,3.9-9.3,.415,1.3-3.9,.331,1.3-1.4,.903
Yogi Ferrell,PG,DAL,82,27.8,10.2,3.8-8.9,.426,1.6-4.4,.373,1.0-1.3,.796
D.J. Augustin,PG,ORL,75,23.5,10.2,3.3-7.2,.452,1.5-3.6,.419,2.2-2.5,.868
Denzel Valentine,SG,CHI,77,27.2,10.2,3.9-9.4,.417,1.9-4.8,.386,0.5-0.7,.745
Pau Gasol,C,SA,77,23.5,10.1,3.7-8.1,.458,0.6-1.6,.358,2.1-2.7,.756
Patty Mills,PG,SA,82,25.7,10.0,3.4-8.3,.411,1.9-5.0,.372,1.3-1.4,.890
CJ Miles,SF,TOR,70,19.1,10.0,3.2-8.6,.379,2.3-6.5,.361,1.2-1.4,.835
Wilson Chandler,SF,DEN,74,31.6,10.0,3.8-8.5,.445,1.2-3.3,.358,1.2-1.5,.772
George Hill,PG,CLE/SAC,67,27.0,10.0,3.5-7.7,.460,1.3-3.1,.415,1.6-2.1,.786
Dewayne Dedmon,C,ATL,62,24.9,10.0,4.0-7.7,.524,0.8-2.3,.355,1.1-1.4,.779
Trey Lyles,PF,DEN,73,19.1,9.9,3.7-7.5,.491,1.1-3.0,.381,1.4-2.0,.706
Jae Crowder,PF,CLE/UTAH,80,26.1,9.7,3.4-8.4,.404,1.4-4.3,.323,1.5-1.9,.818
Mario Hezonja,SF,ORL,75,22.1,9.6,3.6-8.2,.442,1.2-3.6,.337,1.1-1.4,.819
Marvin Williams,PF,CHA,78,25.7,9.5,3.3-7.2,.458,1.6-3.9,.413,1.3-1.6,.829
Ryan Anderson,PF,HOU,66,26.1,9.3,3.1-7.3,.431,2.0-5.1,.386,1.1-1.4,.774
Al-Farouq Aminu,PF,POR,69,30.0,9.3,3.3-8.4,.395,1.8-4.9,.369,0.9-1.2,.738
Lance Stephenson,SG,IND,82,22.6,9.2,3.7-8.6,.427,0.8-2.8,.289,1.0-1.5,.661
Kyle Korver,SG,CLE,73,21.6,9.2,3.0-6.6,.459,2.2-5.2,.436,0.9-1.0,.889
Michael Kidd-Gilchrist,SF,CHA,74,25.0,9.2,3.8-7.6,.504,0.0-0.0,.000,1.6-2.3,.684
Anthony Tolliver,PF,DET,79,22.2,8.9,2.8-6.0,.464,2.0-4.6,.436,1.3-1.7,.797
Troy Daniels,SG,PHX,79,20.5,8.9,2.9-7.3,.403,2.3-5.8,.400,0.7-0.8,.875
Manu Ginobili,G,SA,65,20.0,8.9,3.1-7.1,.434,1.0-3.0,.333,1.7-2.0,.840
Mike Scott,PF,WSH,76,18.5,8.8,3.6-6.9,.527,0.9-2.1,.405,0.7-1.0,.658
John Henson,F,MIL,76,25.9,8.8,3.8-6.6,.572,0.0-0.1,.143,1.2-2.1,.570
Skal Labissiere,PF,SAC,60,20.7,8.7,3.4-7.6,.448,0.3-0.9,.353,1.6-2.0,.805
Shabazz Napier,PG,POR,74,20.7,8.7,3.0-7.2,.420,1.1-2.9,.376,1.6-1.9,.841
Larry Nance Jr.,PF,CLE/LAL,66,21.5,8.7,3.6-6.3,.581,0.0-0.2,.167,1.4-2.1,.664
Stanley Johnson,SF,DET,69,27.4,8.7,3.0-8.1,.375,1.0-3.4,.286,1.6-2.1,.772
Emmanuel Mudiay,PG,DEN/NY,64,19.4,8.6,3.2-8.2,.388,0.7-2.3,.318,1.5-2.0,.760
Fred VanVleet,PG,TOR,76,20.0,8.6,3.1-7.2,.426,1.4-3.4,.414,1.1-1.3,.832
Danny Green,SG,SA,70,25.6,8.6,3.1-8.0,.387,1.7-4.6,.363,0.7-0.9,.769
Alex Len,C,PHX,69,20.2,8.5,3.1-5.5,.566,0.0-0.0,.333,2.3-3.3,.684
Dwight Powell,PF,DAL,79,21.2,8.5,3.2-5.4,.593,0.4-1.1,.333,1.7-2.3,.719
Jerami Grant,SF,OKC,81,20.3,8.4,3.0-5.6,.535,0.4-1.4,.291,2.0-3.0,.675
Garrett Temple,SG,SAC,65,24.8,8.4,3.1-7.3,.418,1.4-3.5,.392,0.9-1.2,.769
Marcin Gortat,C,WSH,82,25.3,8.4,3.5-6.8,.518,0.0-0.0,.000,1.3-2.0,.675
Devin Harris,PG,DAL/DEN,71,18.9,8.4,2.6-6.4,.412,1.1-3.2,.348,2.0-2.4,.835
Jerian Grant,PG,CHI,74,22.8,8.4,2.8-6.8,.416,0.8-2.5,.326,1.9-2.5,.745
JR Smith,SG,CLE,80,28.1,8.3,3.0-7.4,.403,1.8-4.8,.375,0.5-0.7,.696
Rajon Rondo,PG,NO,65,26.2,8.3,3.6-7.6,.468,0.8-2.3,.333,0.4-0.7,.543
Evan Turner,SG,POR,79,25.7,8.2,3.3-7.3,.447,0.5-1.7,.318,1.2-1.4,.850
Jarrett Allen,C,BKN,72,20.0,8.2,3.3-5.5,.589,0.1-0.2,.333,1.6-2.0,.776
Dejounte Murray,PG,SA,81,21.5,8.1,3.3-7.5,.443,0.1-0.4,.265,1.3-1.8,.709
Delon Wright,PG,TOR,69,20.8,8.0,2.9-6.3,.465,0.8-2.2,.366,1.4-1.7,.829
David Nwaba,SG,CHI,70,23.5,7.9,2.9-6.0,.478,0.3-0.7,.346,1.9-2.9,.655
Cory Joseph,PG,IND,82,27.0,7.9,3.1-7.4,.424,0.8-2.3,.353,0.9-1.1,.745
Kyle Anderson,SF,SA,74,26.7,7.9,3.1-5.9,.527,0.3-0.8,.333,1.4-2.0,.712
Josh Hart,SG,LAL,63,23.2,7.9,2.8-6.0,.469,1.2-3.1,.396,1.0-1.5,.702
Tyler Ulis,G,PHX,71,23.4,7.8,3.0-7.8,.388,0.6-2.1,.288,1.2-1.4,.832
Justise Winslow,SF,MIA,68,24.7,7.8,3.0-7.2,.424,0.7-1.9,.380,1.0-1.5,.635
Doug McDermott,SF,DAL/NY,81,21.8,7.8,2.9-6.3,.467,1.1-2.7,.426,0.8-1.0,.790
Darius Miller,SF,NO,82,23.7,7.8,2.6-5.9,.444,1.8-4.4,.411,0.7-0.8,.866
Jarell Martin,PF,MEM,73,22.8,7.7,3.0-6.8,.446,0.5-1.3,.347,1.2-1.6,.767
Marquese Chriss,PF,PHX,72,21.2,7.7,2.8-6.6,.423,0.8-2.6,.295,1.3-2.2,.608
Alec Burks,SG,UTAH,64,16.5,7.7,2.7-6.5,.411,0.7-2.2,.331,1.7-1.9,.863
Mario Chalmers,G,MEM,66,21.5,7.7,2.5-6.7,.379,0.8-2.9,.277,1.8-2.1,.855
Luke Kennard,SG,DET,73,20.0,7.6,2.8-6.4,.443,1.1-2.7,.415,0.9-1.0,.855
Luc Mbah a Moute,PF,HOU,61,25.6,7.5,2.7-5.7,.481,1.0-2.8,.364,1.1-1.6,.684
Jarrett Jack,G,NY,62,25.0,7.5,3.0-7.1,.427,0.4-1.4,.291,1.0-1.2,.840
Ian Clark,SG,NO,74,19.6,7.4,3.0-6.7,.448,0.8-2.6,.318,0.6-0.8,.763
Pascal Siakam,PF,TOR,81,20.7,7.3,3.1-6.1,.508,0.4-1.6,.220,0.7-1.1,.621
Nick Young,G,GS,80,17.4,7.3,2.5-6.1,.412,1.5-4.1,.377,0.7-0.8,.862
Tomas Satoransky,SG,WSH,73,22.5,7.2,2.8-5.3,.523,0.6-1.4,.465,1.0-1.3,.781
Kyle O'Quinn,C,NY,77,18.0,7.1,2.9-5.0,.583,0.1-0.2,.235,1.3-1.6,.772
James Ennis III,SF,DET/MEM,72,22.3,7.1,2.5-5.3,.474,0.7-2.1,.333,1.3-1.6,.836
Mason Plumlee,PF,DEN,74,19.5,7.1,3.0-5.0,.601,0.0-0.0,.000,1.1-2.4,.458
Bryn Forbes,G,SA,80,19.0,6.9,2.6-6.2,.421,1.1-2.9,.390,0.6-0.9,.667
Jakob Poeltl,C,TOR,82,18.6,6.9,3.1-4.7,.659,0.0-0.0,.500,0.7-1.2,.594
Bam Adebayo,C,MIA,69,19.8,6.9,2.5-4.9,.512,0.0-0.1,.000,1.9-2.6,.721
Raymond Felton,PG,OKC,82,16.6,6.9,2.7-6.7,.407,1.0-2.8,.354,0.4-0.5,.818
Tony Snell,SG,MIL,75,27.4,6.9,2.5-5.7,.435,1.4-3.6,.403,0.5-0.6,.792
Shelvin Mack,PG,ORL,69,19.8,6.9,2.6-6.0,.430,0.7-2.0,.345,1.0-1.4,.711
David West,F,GS,73,13.7,6.8,3.0-5.2,.571,0.0-0.1,.375,0.8-1.1,.759
Nemanja Bjelica,PF,MIN,67,20.5,6.8,2.6-5.5,.461,1.1-2.7,.415,0.5-0.7,.800
Kosta Koufos,C,SAC,71,19.6,6.7,3.1-5.5,.571,0.0-0.0,.000,0.5-1.0,.446
Malik Monk,SG,CHA,63,13.5,6.7,2.4-6.7,.360,1.3-3.9,.342,0.5-0.6,.842
Tyler Zeller,C,MIL/BKN,66,16.8,6.7,2.8-5.1,.560,0.2-0.4,.357,0.9-1.2,.722
Justin Jackson,SF,SAC,68,22.1,6.7,2.7-6.2,.442,0.8-2.7,.308,0.4-0.5,.722
Isaiah Taylor,G,ATL,67,17.4,6.6,2.4-5.8,.418,0.3-1.2,.250,1.5-2.1,.702
Maurice Harkless,SF,POR,59,21.4,6.5,2.5-5.0,.495,0.8-2.0,.415,0.7-1.0,.712
Dragan Bender,PF,PHX,82,25.2,6.5,2.3-5.9,.386,1.4-3.9,.366,0.5-0.6,.765
Jodie Meeks,SG,WSH,77,14.5,6.3,2.0-5.1,.399,0.9-2.7,.343,1.3-1.5,.863
Trevor Booker,F,IND/BKN/PHI,68,17.0,6.3,2.6-5.0,.516,0.1-0.5,.242,1.0-1.4,.710
T.J. McConnell,PG,PHI,76,22.4,6.3,2.8-5.5,.499,0.4-0.8,.435,0.4-0.5,.795
Langston Galloway,SG,DET,58,14.9,6.2,2.2-5.9,.371,1.3-3.8,.344,0.6-0.7,.805
PJ Tucker,SF,HOU,82,27.8,6.1,2.1-5.4,.390,1.4-3.8,.371,0.5-0.7,.717
Andre Iguodala,SG,GS,64,25.4,6.0,2.3-5.0,.463,0.5-1.8,.282,0.9-1.4,.632
Aron Baynes,C,BOS,81,18.3,6.0,2.6-5.5,.471,0.0-0.3,.143,0.7-1.0,.756
Gorgui Dieng,C,MIN,79,16.9,5.9,2.4-4.9,.479,0.2-0.8,.311,1.0-1.3,.775
Frank Ntilikina,PG,NY,78,21.9,5.9,2.3-6.4,.364,0.6-2.0,.318,0.6-0.9,.721
Davis Bertans,SF,SA,77,14.1,5.9,2.1-4.8,.440,1.2-3.3,.373,0.5-0.6,.816
OG Anunoby,SF,TOR,74,20.0,5.9,2.2-4.7,.471,1.0-2.7,.371,0.5-0.8,.629
Quincy Acy,F,BKN,70,19.4,5.9,1.9-5.2,.356,1.5-4.2,.349,0.7-0.9,.817
Deyonta Davis,C,MEM,62,15.2,5.8,2.6-4.3,.608,0.0-0.0,.000,0.6-0.9,.667
Jonas Jerebko,PF,UTAH,74,15.3,5.8,2.1-4.6,.466,0.9-2.1,.414,0.6-0.8,.807
Dante Cunningham,SF,NO/BKN,73,21.4,5.7,2.2-5.0,.451,0.8-2.3,.345,0.4-0.7,.596
Bismack Biyombo,C,ORL,82,18.2,5.7,2.2-4.3,.520,0.0-0.0,.000,1.2-1.9,.650
Shaun Livingston,PG,GS,71,15.9,5.5,2.4-4.8,.501,0.0-0.1,.000,0.7-0.9,.820
Norman Powell,SF,TOR,70,15.2,5.5,2.1-5.3,.401,0.8-2.7,.285,0.5-0.6,.821
Wesley Johnson,SF,LAC,74,20.1,5.4,2.0-5.0,.408,0.8-2.4,.339,0.6-0.8,.741
Zaza Pachulia,C,GS,69,14.1,5.4,2.2-3.8,.564,0.0-0.0,.000,1.1-1.3,.806
Vince Carter,SF,SAC,58,17.7,5.4,2.0-4.9,.403,1.0-2.8,.345,0.5-0.6,.757
Pat Connaughton,SG,POR,82,18.1,5.4,2.0-4.8,.423,0.9-2.6,.352,0.5-0.5,.841
Maximilian Kleber,PF,DAL,72,16.8,5.4,2.1-4.3,.489,0.6-1.8,.313,0.6-0.8,.746
Ed Davis,PF,POR,78,18.9,5.3,2.2-3.7,.582,0.0-0.0,.000,0.9-1.4,.667
Corey Brewer,F,LAL/OKC,72,16.8,5.3,2.0-4.4,.449,0.4-1.5,.282,0.9-1.3,.722
Daniel Theis,PF,BOS,63,14.8,5.3,2.0-3.7,.541,0.3-0.9,.310,1.0-1.3,.753
Tyus Jones,PG,MIN,82,17.9,5.1,1.8-4.0,.457,0.5-1.6,.349,0.9-1.0,.877
Royce O'Neale,SF,UTAH,69,16.7,5.0,1.7-4.1,.423,0.6-1.7,.356,0.9-1.1,.803
Thon Maker,PF,MIL,74,16.7,4.8,1.8-4.3,.411,0.4-1.4,.298,0.9-1.3,.699
JaVale McGee,C,GS,65,9.5,4.8,2.1-3.4,.621,0.0-0.1,.000,0.6-0.8,.731
Ian Mahinmi,C,WSH,77,14.9,4.8,1.8-3.2,.556,0.0-0.0,.000,1.2-1.7,.703
Alex Abrines,SG,OKC,75,15.1,4.7,1.5-3.9,.395,1.1-2.9,.380,0.5-0.6,.848
Amir Johnson,C,PHI,74,15.8,4.6,1.9-3.5,.538,0.1-0.4,.313,0.7-1.1,.612
Zach Collins,PF,POR,66,15.8,4.4,1.7-4.4,.398,0.5-1.7,.310,0.4-0.6,.643
Treveon Graham,SG,CHA,63,16.7,4.3,1.5-3.5,.434,0.6-1.5,.412,0.7-0.9,.695
Sam Dekker,SF,LAC,73,12.1,4.2,1.8-3.5,.494,0.1-0.8,.167,0.5-0.8,.661
Lance Thomas,SF,NY,73,18.5,4.1,1.4-3.7,.382,0.7-1.7,.403,0.6-0.7,.830
Kevon Looney,SF,GS,66,13.8,4.0,1.7-2.9,.580,0.0-0.1,.200,0.6-1.2,.545
Cedi Osman,SF,CLE,61,11.0,3.9,1.5-3.0,.484,0.5-1.4,.368,0.4-0.8,.565
Patrick Patterson,PF,OKC,82,15.5,3.9,1.3-3.2,.399,0.8-2.1,.386,0.5-0.6,.870
Sindarius Thornwell,SG,LAC,73,15.8,3.9,1.4-3.2,.429,0.3-0.8,.377,0.8-1.2,.670
Wesley Iwundu,SF,ORL,62,16.5,3.7,1.5-3.5,.427,0.1-0.7,.196,0.5-0.8,.723
Salah Mejri,C,DAL,61,12.0,3.5,1.4-2.2,.642,0.0-0.0,.000,0.6-1.1,.576
Malik Beasley,SG,DEN,62,9.5,3.2,1.2-2.9,.410,0.5-1.3,.341,0.4-0.5,.667
Terrance Ferguson,SG,OKC,61,12.5,3.1,1.1-2.8,.414,0.7-2.0,.333,0.1-0.2,.900
Tim Frazier,PG,WSH,59,14.2,3.0,1.2-2.9,.395,0.3-0.9,.304,0.4-0.5,.767
Semi Ojeleye,PF,BOS,73,15.8,2.7,0.9-2.6,.346,0.5-1.7,.320,0.3-0.6,.610
Ekpe Udoh,C,UTAH,63,12.9,2.6,1.0-1.9,.500,0.0-0.0,.000,0.7-0.9,.750
Josh Huestis,F,OKC,69,14.2,2.3,0.9-2.6,.330,0.5-1.7,.287,0.1-0.3,.300
Brandon Paul,G,SA,64,9.0,2.3,0.9-2.0,.433,0.2-0.8,.278,0.3-0.7,.512
Eric Moreland,C,DET,67,12.0,2.1,1.0-1.8,.541,0.0-0.0,.000,0.2-0.4,.379
DeAndre Liggins,G,NO/MIL,58,12.5,1.7,0.7-1.8,.377,0.3-0.9,.358,0.0-0.1,.400
